gram,counts
covid 19 pandemic,278250
coronavirus covid 19,203431
covid 19 cases,162968
href rel nofollow,158293
true href rel,155084
rel nofollow twitter,134630
covid 19 crisis,124803
due covid 19,106364
bbc news coronavirus,97363
coronavirus death toll,96776
covid 19 patients,95426
covid 19 outbreak,90369
nofollow twitter web,88223
covid 19 coronavirus,80225
covid 19 via,77853
fight covid 19,75973
twitter web app,75441
positive covid 19,75079
coronavirus live updates,71938
new york times,70262
amid covid 19,70132
sign petition via,67419
amid coronavirus outbreak,62842
covid 19 deaths,61217
new coronavirus cases,61074
world health organization,59779
covid 19 lockdown,59710
tested positive coronavirus,59524
casos covid 19,58834
covid 19 virus,55442
tests positive coronavirus,54744
coronavirus task force,51742
spread covid 19,51715
covid 19 di,51609
cases covid 19,51133
covid 19 response,48779
coronavirus 2019 ncov,48774
amid coronavirus pandemic,47133
covid 19 testing,45971
new covid 19,45365
pandemi covid 19,44862
covid 19 death,42270
du covid 19,42254
virus covid 19,41710
penyebaran covid 19,41612
response covid 19,40714
stay at home,40314
pandemia covid 19,39427
primer caso coronavirus,39170
gt virus coronavirus,38713
coronavirus sars flu,38163
virus coronavirus sars,38159
nofollow twitter android,38041
gt gt gt,38033
covid 19 test,37402
new cases coronavirus,37235
see details gt,36963
details gt virus,36944
covid 19 relief,36915
covid 19 update,36417
new york city,36350
death toll rises,35833
test positive coronavirus,35687
deliver copy officials,35632
officials last delivered,35630
copy officials last,35630
terdampak covid 19,34856
covid 19 vaccine,33893
sars flu china,32090
coronavirus via youtube,31404
da covid 19,31366
health care workers,30268
due coronavirus outbreak,30242
impact covid 19,30058
petition via change,28856
nuevos casos coronavirus,27964
flu china trump,27676
pasien covid 19,27546
covid 19 vía,27099
died covid 19,27036
últimas 24 horas,26731
public health emergency,26653
tested positive covid,26499
confirmed coronavirus cases,25890
memerangi covid 19,25814
covid 19 situation,25443
per il coronavirus,24789
2019 novel coronavirus,24786
amid coronavirus crisis,24573
crisis covid 19,24434
yang terdampak covid,24255
confirmed cases coronavirus,23503
petition via ukchange,23070
first case coronavirus,22658
stay home stay,22498
covid 19 tests,22408
confirmed covid 19,22376
president donald trump,22264
covid 19 patient,22122
covid 19 yang,22020
coronavirus disease 2019,21931
covid 19 case,21859
bakti sosial untuk,21685
novel coronavirus 2019,21663
masyarakat yang terdampak,21480
positif covid 19,21365
usps deliver copy,21136
support usps deliver,21113
signing support usps,21112
covid 19 amp,20936
covid 19 positive,20802
covid 19 spread,20280
global health emergency,19966
amid coronavirus fears,19965
covid 19 related,19921
mobile world congress,19684
get covid 19,19616
due coronavirus pandemic,19611
wabah covid 19,19582
covid 19 ini,19564
china coronavirus outbreak,19194
coronavirus outbreak china,18939
home stay safe,18860
stop spread coronavirus,18635
fighting covid 19,18569
covid 19 dan,18455
at home order,18447
2019 covid 19,18434
covid 19 symptoms,18416
first coronavirus death,18114
last 24 hours,18111
first coronavirus case,18111
jenazah pasien covid,18093
coronavirus outbreak via,18047
casos confirmados coronavirus,18008
coronavirus pandemic via,17840
cause du coronavirus,17750
rantai covid 19,17667
epoch times app,17662
untuk ringankan beban,17625
sosial untuk ringankan,17610
com covid 19,17400
ringankan beban masyarakat,17387
penanganan covid 19,17316
number coronavirus cases,17233
gelar bakti sosial,17122
beban masyarakat yang,17098
covid 19 treatment,17091
white house coronavirus,16944
dies covid 19,16941
covid_19 prior jorge,16886
cdtv covid_19 prior,16886
crise du coronavirus,16876
number covid 19,16868
tests positive covid,16654
covid 19 em,16640
positivo covid 19,16588
prior jorge babu,16522
jorge babu manu,16520
coronavirus new york,16386
post covid 19,16373
covid 19 sign,16362
tested positive covid19,16356
covid cdtv covid_19,16296
time covid 19,16182
deaths covid 19,16165
polri gelar bakti,16158
babu manu foraprior,16090
au covid 19,16088
pacientes covid 19,16067
contre covid 19,16055
face au coronavirus,16016
manu foraprior david,15937
covid 19 polmascegahcovid19,15892
disease 2019 covid,15887
article amp reuters,15877
die covid 19,15863
covid 19 infection,15634
disease covid 19,15629
cari amici siamo,15608
diamond princess cruise,15560
affected covid 19,15481
voi covid19 westandwithitaly,15478
amici siamo voi,15457
siamo voi covid19,15447
19 sign petition,15369
suho bizbizeyeteriz covid,15340
david mike lindell,15337
us covid 19,15231
covid 19 covid19,15120
covid 19 baksospolripeduli,15114
test covid 19,15086
first covid 19,15072
covid 19 dengan,15008
treat covid 19,14994
cruise ship japan,14943
case covid 19,14885
bbc news mundo,14802
foraprior david mike,14763
mike lindell made,14753
trump suho bizbizeyeteriz,14750
help slow spread,14679
test positive covid,14637
please stay home,14623
help fight coronavirus,14597
people covid 19,14558
slow spread covid19,14521
lindell made pillow,14404
coronavirus cases rise,14315
covid 19 impact,14270
covid 19 could,14217
death toll coronavirus,14190
confirmed cases covid19,14172
princess cruise ship,14070
cure covid 19,13942
posible caso coronavirus,13902
organización mundial salud,13869
update covid 19,13841
combat covid 19,13824
prevent spread coronavirus,13774
infected covid 19,13748
muertes covid 19,13728
personal protective equipment,13692
19 death toll,13497
new cases covid,13316
covid 19 emergency,13260
at home orders,13226
trying times share,13210
corona covid 19,13205
family cari amici,13200
colleagues friends family,13146
covid 19 may,13130
support italian friends,13088
times share support,13087
italy trying times,13085
share support italian,13084
trump coronavirus response,13083
stand italy trying,13081
friends colleagues friends,13081
italian friends colleagues,13080
friends family cari,13070
twitter web client,12851
coronavirus disease covid,12826
number confirmed cases,12821
novel coronavirus outbreak,12754
stay home order,12705
sa covid 19,12653
covid 19 fight,12593
coronavirus cruise ship,12589
world health organisation,12483
cegah covid 19,12422
china amid coronavirus,12323
know covid 19,12301
exclusive coronavirus coverage,12266
โคว ด19 covid19,12251
tested covid 19,12205
che il coronavirus,12191
pour lutter contre,12171
coronavirus coverage daily,12139
positivos covid 19,12124
treatment covid 19,12124
quarantined cruise ship,12122
see exclusive coronavirus,12121
app see exclusive,12120
times app see,12117
go back work,12104
coverage daily updates,12102
covid self_portrait covid19,12070
chinese communist party,12039
19 via youtube,12019
dr anthony fauci,11970
contro il coronavirus,11964
ce est pas,11926
like covid 19,11902
news mundo coronavirus,11863
get well soon,11857
aarogya setu app,11795
covid 19 restrictions,11762
confirmados covid 19,11684
fight covid19 please,11581
bizbizeyeteriz covid self_portrait,11564
even feel well,11523
self reporting symptoms,11498
symptoms daily even,11483
risk cases sooner,11481
battle covid 19,11466
daily even feel,11464
jenazah covid 19,11463
reporting symptoms daily,11459
identify risk cases,11446
sooner self reporting,11441
cases sooner self,11439
coronavirus cases confirmed,11414
covid 19 updates,11413
spread covid19 identify,11411
covid19 identify risk,11407
new cases covid19,11393
mencegah penyebaran covid,11391
covid 19 new,11388
coronavirus hong kong,11374
total confirmed cases,11348
letslovesuho trump suho,11339
contagios covid 19,11337
muertos covid 19,11308
towards cashless society,11298
feel well download,11286
frente covid 19,11265
new york state,11259
covid 19 país,11242
well download app,11223
long term care,11212
covid19 โคว ด19,11182
human to human,11147
death toll hits,11127
covid 19 méxico,11091
covid 19 mari,11035
wni dari wuhan,10998
pillow letslovesuho trump,10965
covid 19 corona,10896
caso covid 19,10888
confirmed case coronavirus,10871
person to person,10850
นธ ใหม 2019,10836
confirmed cases covid,10823
nuevos casos covid,10799
ne sont pas,10791
related covid 19,10789
casos confirmados covid,10772
download epoch times,10761
firma petición vía,10747
recovered covid 19,10727
covid 19 world,10723
made pillow letslovesuho,10714
covid 19 news,10685
help covid 19,10684
000 covid 19,10679
act deliver copy,10655
casos positivos coronavirus,10634
must act deliver,10602
signing must act,10600
coronavirus relief bill,10583
covid 19 quarantine,10575
current covid 19,10568
covid 19 infections,10548
regarding covid 19,10537
covid 19 baksostnipolriutknegeri,10533
gon na get,10519
people tested positive,10503
coronavirus sars cov,10502
covid19 please download,10428
cases novel coronavirus,10417
dying covid 19,10378
app fight covid19,10376
case coronavirus confirmed,10303
на covid 19,10291
death toll passes,10288
van het coronavirus,10263
please download share,10228
trump covid 19,10225
muertos coronavirus china,10216
covid 19 et,10199
download share using,10185
postponed due coronavirus,10172
help stop spread,10171
share using link,10171
patients covid 19,10098
mata rantai covid,10094
il coronavirus non,10088
people stay home,10042
coronavirus boris johnson,10035
setu app fight,10031
china hubei province,9982
year old man,9970
coronavirus crisis via,9953
new confirmed cases,9941
response coronavirus pandemic,9932
recommend aarogya setu,9912
pandemic covid 19,9807
home covid 19,9795
caso sospechoso coronavirus,9778
coronavirus case confirmed,9742
coronavirus test kits,9740
covid 19 data,9729
practice social distancing,9662
lawan covid 19,9647
confirma primer caso,9645
chief medical officer,9636
covid 19 epidemic,9630
novel coronavirus covid,9615
covid19 coronavirus ukraine,9609
latest covid 19,9606
coronavirus covid19 coronavirusoutbreak,9577
new post coronavirus,9556
south china morning,9527
covid 19 numbers,9516
19 di indonesia,9489
handling covid 19,9486
people died coronavirus,9477
covid 19 na,9474
get back work,9465
prime minister boris,9441
adalah bentuk partisipasi,9436
via namo app,9435
new coronavirus deaths,9431
china morning post,9428
minister boris johnson,9404
covid 19 would,9394
covid 19 briefing,9328
cashless society know,9324
combatir covid 19,9277
casos positivos covid,9247
trump coronavirus task,9234
affected novel coronavirus,9230
amid coronavirus lockdown,9195
coronavirus south korea,9181
live updates china,9180
risk covid 19,9172
let us know,9167
health care system,9159
total number cases,9151
using link android,9146
nyt new york,9132
testing positive coronavirus,9120
contagio covid 19,9120
support covid 19,9118
abc news via,9112
si mata coronavirus,9111
via nyt new,9108
china covid 19,9102
need know coronavirus,9098
covid 19 china,9096
coronavirus wuhan china,9094
treating covid 19,9072
casi di coronavirus,9024
ai tempi coronavirus,9014
new covid19 cases,8988
pruebas covid 19,8981
due coronavirus concerns,8954
china due coronavirus,8953
impacted covid 19,8941
ministério da saúde,8914
past 24 hours,8892
stay safe stay,8883
symptoms covid 19,8858
cases outside china,8855
amidst covid 19,8851
many cases china,8848
ce qu il,8838
updates covid 19,8837
mit dem coronavirus,8823
news covid 19,8802
countries affected novel,8802
cases coronavirus confirmed,8785
cancelled due coronavirus,8779
lucha covid 19,8773
new cases confirmed,8709
covid 19 covid,8704
coronavirus death rate,8685
covid 19 global,8684
stay safe everyone,8635
da positivo coronavirus,8610
casos sospechosos coronavirus,8591
think covid 19,8591
world covid 19,8580
untuk mencegah penyebaran,8568
survive see details,8550
says covid 19,8545
johns hopkins university,8543
signez pétition via,8531
deputy health minister,8522
di tengah pandemi,8511
cases covid19 reported,8510
coronavirus coronavirus coronavirus,8506
coronavirus sign petition,8506
shelter in place,8502
god help us,8485
everything need know,8475
covid 19 jiwakemanusiaanpolri,8461
since covid 19,8440
propagación covid 19,8438
stop covid 19,8417
amp covid 19,8396
amid coronavirus concerns,8384
using covid 19,8354
called covid 19,8338
bringing total number,8332
il covid 19,8308
south korea reports,8300
covid 19 não,8290
mortes covid 19,8252
health officials say,8234
centers disease control,8226
real time updates,8212
coronavirus gon na,8173
death toll china,8155
covid 19 est,8154
memutus mata rantai,8146
death outside china,8144
global covid 19,8101
president trump coronavirus,8093
covid 19 health,8092
death toll tops,8088
cruise ship coronavirus,8087
ao covid 19,8078
menangkal covid 19,8064
ng covid 19,8057
video via gatewaypundit,8050
breaking foxnews alert,8013
coronavirus united states,7981
19 covid 19,7963
korban covid 19,7958
corona coronavirus covid19,7923
covid 19 us,7917
confirms first case,7879
news via abc,7862
the covid 19,7838
response coronavirus outbreak,7817
dalam menangkal covid,7806
fallecidos covid 19,7805
2020 covid 19,7780
covid 19 like,7773
coronavirus declared global,7753
coronavirus social distancing,7752
covid 19 hospital,7746
cruise ship passengers,7746
up to date,7705
covid 19 mundo,7699
coronavirus covid_19 covid19,7695
covid 19 please,7694
partisipasi dalam menangkal,7692
bentuk partisipasi dalam,7684
disease control prevention,7682
tiempos covid 19,7676
coronavirus covid19 covid_19,7675
house coronavirus task,7661
world news guardian,7655
please help us,7644
coronavirus cases china,7636
covid 19 one,7629
causa covid 19,7627
death toll reaches,7623
covid 19 hoax,7614
wuhan coronavirus outbreak,7612
people infected coronavirus,7607
to human transmission,7604
testing covid 19,7599
masyarakat adalah bentuk,7572
china death toll,7570
news via youtube,7558
covid 19 brasil,7495
covid 19 really,7461
kedisiplinan masyarakat adalah,7456
vacuna covid 19,7451
next coronavirus package,7432
death toll jumps,7431
global coronavirus pandemic,7426
social distancing measures,7412
coronavirus outbreak latest,7411
new cases reported,7398
oms declara emergencia,7395
coronavirus public health,7385
slow spread coronavirus,7373
dalam memerangi covid,7369
primera muerte coronavirus,7362
despite covid 19,7355
coronavirus covid19 sarscov2,7347
first confirmed case,7339
coronavirus outbreak could,7338
สโคโรนาสายพ นธ ใหม,7318
covid 19 victims,7314
45 million people,7310
emergencia covid 19,7295
rt world news,7294
coronavirus cases surge,7289
propagation du coronavirus,7271
covid 19 disease,7253
second wave coronavirus,7251
death covid 19,7250
outbreak covid 19,7240
public health crisis,7230
rel nofollow tweetdeck,7228
economic impact coronavirus,7224
coronavirus covid19 pandemic,7213
rate covid 19,7212
spread novel coronavirus,7211
case novel coronavirus,7198
confirms first coronavirus,7187
pétition via changefrance,7173
contracting covid 19,7168
debt stimulate economy,7159
student debt stimulate,7155
evitar propagación coronavirus,7153
wuhan institute virology,7148
global death toll,7139
president united states,7135
new deaths total,7135
coronavirus many cases,7131
number cases worldwide,7122
task force hold,7121
covid 19 chinese,7105
coronavirus via mailonline,7092
job retention scheme,7084
prevent covid 19,7078
covid 19 real,7063
coronavirus package studentdebtstimulus,7055
information covid 19,7048
updates number cases,7045
lutte contre coronavirus,7040
public health officials,7038
mari kita dukung,7029
of covid 19,7029
reports first coronavirus,7028
novel coronavirus many,7018
penyebaran virus covid,7016
end covid 19,7012
untuk memerangi covid,7002
declared global health,7001
work covid 19,6997
stay home coronavirus,6993
new york post,6984
confirmed covid19 cases,6983
coronavirus cases top,6982
ไวร สโคโรนาสายพ นธ,6977
iran deputy health,6977
fight coronavirus pandemic,6976
última hora coronavirus,6969
time updates number,6955
spreading covid 19,6947
coronavirus press conference,6938
china real time,6925
wni di wuhan,6911
coronavirus stimulus package,6910
cancelstudentdebt next coronavirus,6908
paid sick leave,6908
cases china real,6904
coronavirus cases reported,6902
package studentdebtstimulus help,6897
coronavirus relief package,6895
studentdebtstimulus help 45,6891
people student debt,6890
help 45 million,6886
coronavirus cases outside,6883
million people student,6882
free covid 19,6880
stimulate economy needed,6878
urge cancelstudentdebt next,6875
sangat diperlukan untuk,6874
coronavirus covid19 covidー19,6874
china trump tiktok,6864
take covid 19,6855
าสายพ นธ ใหม,6850
covid 19 concerns,6850
gon na die,6842
สโคโรน าสายพ นธ,6829
qu il faut,6826
posibles casos coronavirus,6815
covid 19 free,6810
contingencia covid 19,6805
ไวร สโคโรน าสายพ,6797
staff covid 19,6794
19 dan itu,6782
contagiados covid 19,6776
combate covid 19,6775
vaccine covid 19,6774
diperlukan untuk memerangi,6773
dan itu harus,6773
kedisiplinan sangat diperlukan,6772
itu harus tertanam,6768
harus tertanam kuat,6767
covid 19 still,6764
kuat dalam diri,6764
tertanam kuat dalam,6763
dan kedisiplinan sangat,6763
dalam diri setiap,6758
covid 19 information,6755
setiap insan bumi,6747
diri setiap insan,6747
insan bumi pertiwi,6733
melawan covid 19,6728
year old woman,6712
spread new coronavirus,6702
new york coronavirus,6702
tengah pandemi covid,6696
confirman primer caso,6692
please stay safe,6688
covid 19 salah,6676
janta curfew pledge,6672
caused covid 19,6672
wall street journal,6667
coronavirus corona كورونا,6651
south korea coronavirus,6625
even covid 19,6609
death toll surpasses,6595
front line workers,6587
cashless society did,6585
covid 19 going,6580
19 salah satunya,6576
persatuan dan kedisiplinan,6569
effects covid 19,6556
new coronavirus outbreak,6543
worldwide coronavirus covid19,6536
bumi pertiwi polmascegahcovid19,6533
china coronavirus death,6533
covid19 covid 19,6528
workers covid 19,6523
covid19 covid_19 coronavirus,6511
doctor tried warn,6509
death toll climbs,6506
untuk memutus mata,6501
two cases coronavirus,6497
covid 19 confirmed,6486
coronavirus stay at,6473
covid 19 people,6472
trump says coronavirus,6471
ditengah pandemi covid,6467
salah satu cara,6455
coronavirus outbreak guardian,6455
stop spread covid19,6453
new cases new,6433
social distancing guidelines,6428
covid 19 stimulus,6426
covid 19 research,6403
masa pandemi covid,6402
declares state emergency,6392
us death toll,6391
use covid 19,6369
covid 19 get,6368
corée du sud,6364
funding world health,6360
penularan covid 19,6351
adalah salah satu,6351
recovered coronavirus patients,6350
coronavirus continues spread,6350
covid 19 dprriapresiasipolri,6339
jptu jabatanpenerangan covid19,6324
covid 19 bukan,6318
wake covid 19,6311
caso di coronavirus,6309
coronavirus stimulus bill,6308
covid 19 stay,6298
petición vía change_es,6290
outbreak latest updates,6286
covid 19 india,6282
stay home save,6279
re gon na,6275
19 pandemic via,6271
canceled due coronavirus,6270
treat coronavirus patients,6268
covid 19 help,6265
dio positivo coronavirus,6262
say covid 19,6261
posted new blog,6255
coronavirus vía youtube,6246
coronavirus stimulus checks,6232
000 people died,6222
positive coronavirus via,6214
donald trump coronavirus,6193
lunar new year,6191
flu like symptoms,6187
du coronavirus via,6186
virus corona covid,6171
keep us safe,6167
coronavirus man made,6141
covid 19 recovery,6140
new story npr,6133
ve posted new,6132
000 confirmed cases,6116
acute respiratory syndrome,6110
000 coronavirus deaths,6108
total covid 19,6099
two weeks ago,6077
dan kebijakan pemerintah,6072
ecosearch news web,6071
live president trump,6069
combate ao coronavírus,6058
top story coronavirus,6049
getting covid 19,6047
coronavirus live news,6041
pencegahan covid 19,6031
covid19 coronavirus pandemic,6026
dr li wenliang,6021
coronavirus response via,6003
dan seluruh elemen,5989
stop spread covid,5980
coronavirus cases deaths,5973
sars flu deathtoll,5972
cases new deaths,5968
flu deathtoll china,5966
covid 19 japan,5952
care covid 19,5950
kasus covid 19,5948
nofollow twitter iphone,5946
new world order,5942
covid 19 contact,5938
help fight covid,5936
membantu memerangi covid,5933
negative covid 19,5932
pemerintah adalah salah,5932
universal basic income,5931
himbauan pemerintah adalah,5931
spreading fake news,5928
na covid 19,5924
turut andil dalam,5924
covid 19 spreading,5918
19 test kits,5916
dalam membantu memerangi,5915
coronavirus vía el_pais,5914
stay home orders,5912
uss theodore roosevelt,5912
severe acute respiratory,5909
cara masyarakat turut,5907
satu cara masyarakat,5906
andil dalam membantu,5905
diagnosed covid 19,5902
first time since,5901
masyarakat turut andil,5901
trump white house,5894
covid 19 ikutiaturancegahcorona,5894
daily covid 19,5891
news sky news,5878
covid 19 covert,5875
total number confirmed,5870
cegah penyebaran covid,5847
covid 19 even,5838
19 covert id,5835
result covid 19,5825
seluruh elemen bangsa,5822
19 yang terlantar,5790
wuhan china coronavirus,5782
due coronavirus via,5782
coronavirus job retention,5778
potential covid 19,5775
19 relief fund,5772
via uolnoticias uol,5768
us coronavirus cases,5751
jabatanpenerangan covid19 dudukrumah,5740
one world together,5733
safe covid 19,5729
covid 19 business,5724
crisis coronavirus vía,5714
14 day quarantine,5710
million covid 19,5709
tweet quoted article,5708
covid 19 cure,5696
daily mail online,5696
covid 19 venezuela,5680
santa clara county,5679
de covid 19,5677
closed due coronavirus,5671
world together home,5669
china trump vindman,5658
go back normal,5651
china wuhan coronavirus,5645
yang telah ditetapkan,5639
mematuhi himbauan pemerintah,5629
got covid 19,5621
uk covid 19,5618
covid19 positive cases,5618
par covid 19,5616
china coronavirus cases,5612
pour faire face,5610
coronavirus could infect,5609
people around world,5608
amor tiempos coronavirus,5607
covid 19 spreads,5604
tests covid 19,5590
cases bringing total,5588
berupaya untuk memutus,5584
test test test,5578
coronavirus death outside,5575
โคว ด19เราต องรอด,5574
du coronavirus et,5572
india covid 19,5566
cases new coronavirus,5549
prevent spread covid,5547
hospital covid 19,5542
el covid 19,5536
frontline nhs staff,5535
covid 19 semuapedulicovid19,5533
light covid 19,5532
от covid 19,5527
future cashless society,5526
heading towards future,5524
covert id heading,5524
society did know,5524
towards future cashless,5524
id heading towards,5524
19 mari kita,5521
tests negative coronavirus,5520
due coronavirus fears,5520
preventing spread covid19,5519
fake news coronavirus,5517
crucero diamond princess,5513
terlantar hingga jam,5510
dari covid 19,5507
covid 19 task,5502
chinese doctor tried,5501
kebijakan yang telah,5496
19 chinese virus,5490
masyarakat kurang mampu,5489
home save lives,5485
bekerja keras dan,5480
covid 19 affecting,5477
prevención covid 19,5477
melakukan penyemprotan disinfektan,5476
covid 19 si,5475
dealing covid 19,5467
tengah bekerja keras,5466
coronavirus ee uu,5465
dan berupaya untuk,5464
keras dan berupaya,5462
elemen bangsa tengah,5462
bangsa tengah bekerja,5462
ficar em casa,5454
news coronavirus covid19,5449
coronavirus pandemic could,5446
penyebaran virus corona,5445
000 coronavirus cases,5438
declares coronavirus outbreak,5438
covid 19 economic,5434
face covid 19,5419
nuevos casos positivos,5418
covid 19 social,5417
help prevent spread,5412
times covid 19,5412
memutuskan rantai covid,5408
stay fuck home,5407
coronavirus fears via,5401
du coronavirus est,5397
lt lt lt,5397
us political news,5394
covid 19 also,5394
political news download,5393
latest us political,5393
coronavirus global health,5389
news download epoch,5388
covid 19 made,5387
petition via cdnchange,5387
know jesus spoke,5384
qu il est,5382
kita dukung segala,5371
coronavirus puede matar,5371
caso coronavirus españa,5365
aturan untuk mencegah,5363
dukung segala usahanya,5358
covid 19 threat,5357
covid 19 com,5353
dengan mengikuti aturan,5352
mengikuti kebijakan yang,5351
tetap mengikuti kebijakan,5350
prevent spread covid19,5347
impacts covid 19,5346
dengan tetap mengikuti,5342
mengikuti aturan untuk,5337
today covid 19,5336
bekerjasama dengan mengikuti,5332
usahanya dengan tetap,5326
segala usahanya dengan,5326
coronavirus infected americans,5325
lutter contre coronavirus,5314
health organization declares,5312
qu est ce,5312
live updates coronavirus,5307
mari bekerjasama dengan,5307
coronavirus via breitbartnews,5298
19 mari bekerjasama,5290
covid 19 infected,5290
stay safe coronavirus,5289
united states america,5288
pandémie covid 19,5286
beat covid 19,5284
catch covid 19,5282
defense production act,5270
pemerintah dan seluruh,5269
covid 19 time,5267
data covid 19,5263
demi memutuskan rantai,5259
pasien positif covid,5257
19 task force,5255
south korea italy,5252
uk prime minister,5248
che fare il,5246
number confirmed coronavirus,5235
aux etats unis,5234
suspected covid 19,5233
kebijakan pemerintah polmascegahcovid19,5232
peraturan dan kebijakan,5227
número muertos coronavirus,5226
state covid 19,5221
impact coronavirus outbreak,5221
salah satunya yaitu,5218
sent ppe china,5218
gegen das coronavirus,5211
crise du covid19,5203
plena crisis coronavirus,5203
petition via changepilipinas,5197
task force briefing,5192
tackle covid 19,5192
covid 19 au,5186
mentaati peraturan dan,5182
